{
	"BUILD_DIR" : "E:/Board_Games/build/Desktop_Qt_6_8_1_MinGW_64_bit-Release/Board_Games_autogen",
	"CMAKE_BINARY_DIR" : "E:/Board_Games/build/Desktop_Qt_6_8_1_MinGW_64_bit-Release",
	"CMAKE_CURRENT_BINARY_DIR" : "E:/Board_Games/build/Desktop_Qt_6_8_1_MinGW_64_bit-Release",
	"CMAKE_CURRENT_SOURCE_DIR" : "E:/Board_Games",
	"CMAKE_SOURCE_DIR" : "E:/Board_Games",
	"CROSS_CONFIG" : false,
	"GENERATOR" : "Ninja",
	"INCLUDE_DIR" : "E:/Board_Games/build/Desktop_Qt_6_8_1_MinGW_64_bit-Release/Board_Games_autogen/include",
	"INPUTS" : [ "E:/Board_Games/photo.jpg" ],
	"LOCK_FILE" : "E:/Board_Games/build/Desktop_Qt_6_8_1_MinGW_64_bit-Release/CMakeFiles/Board_Games_autogen.dir/AutoRcc_resources_EWIEGA46WW_Lock.lock",
	"MULTI_CONFIG" : false,
	"OPTIONS" : [ "--no-zstd", "-name", "resources" ],
	"OUTPUT_CHECKSUM" : "EWIEGA46WW",
	"OUTPUT_NAME" : "qrc_resources.cpp",
	"RCC_EXECUTABLE" : "C:/Qt/6.8.1/mingw_64/bin/rcc.exe",
	"RCC_LIST_OPTIONS" : [ "--list" ],
	"SETTINGS_FILE" : "E:/Board_Games/build/Desktop_Qt_6_8_1_MinGW_64_bit-Release/CMakeFiles/Board_Games_autogen.dir/AutoRcc_resources_EWIEGA46WW_Used.txt",
	"SOURCE" : "E:/Board_Games/resources.qrc",
	"USE_BETTER_GRAPH" : true,
	"VERBOSITY" : 0
}
